tanggal,Close,High,Low,Open,Volume,nilai_sentimen
2022-07-11,6016.36474609375,6016.36474609375,5930.72254330238,5994.954195395907,2961000,0.13114754098360656
2022-07-12,6037.7744140625,6080.595509197695,5973.542771359707,6037.7744140625,5209400,0.20504731861198738
2022-07-13,5845.080078125,5994.953926282052,5823.669528388278,5994.953926282052,10978800,0.20408163265306123
2022-07-14,5930.72216796875,5952.132717311598,5823.669421254513,5845.07997059736,7611600,0.2598870056497175
2022-07-15,5909.3125,5952.133605072464,5845.080842391304,5930.723052536232,4235000,0.3342036553524804
2022-07-18,6037.7744140625,6037.7744140625,5887.900581089318,5909.311128656915,8349100,0.1888111888111888
2022-07-19,6123.4169921875,6123.4169921875,6037.77479649257,6037.77479649257,10570700,0.27
2022-07-20,6080.5966796875,6144.828334754622,6059.18612799846,6123.417783065582,9147600,0.11428571428571428
2022-07-21,6144.82763671875,6166.23818597561,6037.774890434452,6102.006538205031,12515300,0.06493506493506493
2022-07-22,6037.7744140625,6166.237699468085,6037.7744140625,6144.8271519004875,3703400,0.04285714285714286
2022-07-25,6016.36474609375,6059.185847489435,5994.954195395907,6037.775296791592,4355300,0.2647058823529412
2022-07-26,5994.9541015625,6037.775202287946,5952.133000837053,6016.3646519252225,6311400,0.13846153846153847
2022-07-27,5994.9541015625,6016.3646519252225,5930.72245047433,5994.9541015625,7768600,0.2391304347826087
2022-07-28,5909.3125,5994.954710144927,5887.901947463768,5952.133605072464,13846500,0.2978723404255319
2022-07-29,5823.669921875,5930.72267779182,5823.669921875,5909.312126608456,17090700,0.23728813559322035
2022-08-01,5909.3125,5930.723052536232,5845.080842391304,5845.080842391304,14285000,0.3492063492063492
2022-08-02,5978.91748046875,6023.536267636427,5911.989299717234,5978.91748046875,11697200,0.15555555555555556
2022-08-03,5867.3701171875,5956.6076855097435,5822.751333026378,5956.6076855097435,10883100,0.3333333333333333
2022-08-04,5934.29833984375,5934.29833984375,5845.060770823543,5845.060770823543,14150300,0.125
2022-08-05,5911.9892578125,5956.608044663915,5845.061077535377,5934.298651238208,10508000,0.23333333333333334
2022-08-08,5911.9892578125,5934.298651238208,5845.061077535377,5889.679864386792,9518400,0.37142857142857144
2022-08-09,5845.06103515625,5956.6080014760255,5845.06103515625,5911.989214948116,10862800,0.1875
2022-08-10,5911.9892578125,5911.9892578125,5800.442290683962,5845.061077535377,11884700,0.1
2022-08-11,5889.6796875,5934.298473011363,5889.6796875,5934.298473011363,7552600,0.125
2022-08-12,5911.9892578125,5934.298651238208,5867.370470961085,5934.298651238208,6935600,0.30303030303030304
2022-08-15,5911.9892578125,5911.9892578125,5845.061077535377,5911.9892578125,3707800,0.08411214953271028
2022-08-16,5845.06103515625,5934.298608212071,5755.823462100429,5911.989214948116,15973400,0.10714285714285714
2022-08-18,5867.3701171875,5889.67950926806,5800.441940945817,5845.060725106939,10405500,0.07751937984496124
2022-08-19,5867.3701171875,5934.298293429182,5867.3701171875,5889.67950926806,9669600,0.19767441860465115
2022-08-22,5934.29833984375,5934.29833984375,5845.060770823543,5845.060770823543,6047100,0.18518518518518517
2022-08-23,5934.29833984375,5934.29833984375,5889.679555333646,5934.29833984375,4805600,-0.023809523809523808
2022-08-24,5934.29833984375,5934.29833984375,5867.3701630785945,5934.29833984375,5240700,0.3548387096774194
2022-08-25,5867.3701171875,5956.6076855097435,5867.3701171875,5934.298293429182,4791100,-0.14285714285714285
2022-08-26,5800.44189453125,5889.679462139423,5800.44189453125,5845.060678335336,6220300,0.011904761904761904
2022-08-29,5911.9892578125,5911.9892578125,5755.823503832547,5778.132897258254,4316400,0.22857142857142856
2022-08-30,5800.44189453125,5911.988854041466,5800.44189453125,5911.988854041466,7090200,0.03
2022-08-31,5555.03857421875,5666.585533540411,5532.729182354417,5621.966749811747,28438200,0.012195121951219513
2022-09-01,5599.65771484375,5688.895287988671,5555.03892827129,5555.03892827129,13391800,0.08695652173913043
2022-09-02,5711.2041015625,5733.5134925842285,5621.966537475586,5644.275928497314,13138800,0.18867924528301888
2022-09-05,5688.8955078125,5755.8236902573535,5644.276719515931,5711.204901960785,9181400,0.19298245614035087
2022-09-06,5666.5859375,5733.514117864173,5644.276544045276,5688.895330954725,6556900,0.05
2022-09-07,5621.96728515625,5688.895467122396,5599.657891167535,5644.276679144966,11491000,0.17647058823529413
2022-09-08,5577.34814453125,5666.58571484375,5577.34814453125,5666.58571484375,10362500,0.375
2022-09-09,5555.03857421875,5644.2761416760795,5532.729182354417,5621.966749811747,14636800,0.18055555555555555
2022-09-12,5555.03857421875,5599.657357947414,5510.419790490085,5532.729182354417,10782800,0.12
2022-09-13,5532.7294921875,5621.967064642137,5532.7294921875,5555.038885301159,9240200,0.10256410256410256
2022-09-14,5555.03857421875,5577.347966083082,5488.110398625753,5532.729182354417,8907600,0.07017543859649122
2022-09-15,5510.419921875,5577.3480990637645,5510.419921875,5555.038706667509,15583400,0.01639344262295082
2022-09-16,5621.96728515625,5621.96728515625,5488.110921223959,5488.110921223959,18158600,0.0
2022-09-19,5532.7294921875,5599.657671528477,5532.7294921875,5599.657671528477,9070800,0.07246376811594203
2022-09-20,5532.7294921875,5599.657671528477,5532.7294921875,5577.348278414818,6634700,-0.020833333333333332
2022-09-21,5577.34814453125,5577.34814453125,5532.729359375,5532.729359375,7204000,-0.058823529411764705
2022-09-22,5577.34814453125,5577.34814453125,5510.419966796875,5555.038751953125,6200900,-0.11458333333333333
2022-09-23,5532.7294921875,5599.657671528477,5532.7294921875,5577.348278414818,6647900,0.0196078431372549
2022-09-26,5532.7294921875,5577.348278414818,5488.110705960181,5555.038885301159,8771700,0.07575757575757576
2022-09-27,5488.11083984375,5555.039020817454,5465.801446185848,5532.729627159552,9551400,0.060240963855421686
2022-09-28,5443.49169921875,5488.110483638576,5443.49169921875,5488.110483638576,13294700,-0.06818181818181818
2022-09-29,5376.56396484375,5488.110935068724,5376.56396484375,5443.492146978734,7205400,-0.16470588235294117
2022-09-30,5376.56396484375,5510.420329113718,5376.56396484375,5398.873358888744,12140400,0.044444444444444446
2022-10-03,5376.56396484375,5443.492146978734,5376.56396484375,5376.56396484375,5291700,0.0
2022-10-04,5398.873046875,5465.801225142045,5376.563654119318,5398.873046875,8703800,-0.061224489795918366
2022-10-05,5376.56396484375,5488.110935068724,5376.56396484375,5443.492146978734,8316000,-0.02631578947368421
2022-10-06,5443.49169921875,5443.49169921875,5398.872914798924,5443.49169921875,5066900,0.13043478260869565
2022-10-07,5421.18212890625,5465.800911860211,5376.563345952289,5421.18212890625,6908800,0.20833333333333334
2022-10-10,5465.8017578125,5488.111152742346,5398.873573022959,5421.1829679528055,6180000,0.034482758620689655
2022-10-11,5465.8017578125,5488.111152742346,5398.873573022959,5443.492362882653,6202100,-0.058823529411764705
2022-10-12,5421.18212890625,5465.800911860211,5376.563345952289,5465.800911860211,5408900,0.07692307692307693
2022-10-13,5398.873046875,5465.801225142045,5376.563654119318,5443.491832386363,7809000,-0.04878048780487805
2022-10-14,5398.873046875,5443.491832386363,5398.873046875,5421.182439630682,5931800,0.06666666666666667
2022-10-17,5465.8017578125,5488.111152742346,5376.564178093112,5398.873573022959,10678400,0.0196078431372549
2022-10-18,5510.419921875,5510.419921875,5443.491744686235,5488.110529478745,7913800,-0.016129032258064516
2022-10-19,5555.03857421875,5577.347966083082,5465.8010067614205,5532.729182354417,12959800,0.25675675675675674
2022-10-20,5666.5859375,5666.5859375,5532.729576771654,5555.038970226378,12801200,0.22580645161290322
2022-10-21,5599.65771484375,5688.895287988671,5599.65771484375,5666.585894702441,7353500,0.06060606060606061
2022-10-24,5621.96728515625,5666.586073133681,5599.657891167535,5621.96728515625,7061800,0.2037037037037037
2022-10-25,5532.7294921875,5644.276457755796,5532.7294921875,5621.967064642137,11860800,0.125
2022-10-26,5644.2763671875,5666.585759943182,5555.038796164772,5599.657581676136,10509600,0.09302325581395349
2022-10-27,5621.96728515625,5666.586073133681,5599.657891167535,5644.276679144966,8558700,0.3875
2022-10-28,5688.8955078125,5688.8955078125,5621.967325367647,5666.586113664216,11249000,0.023809523809523808
2022-10-31,5755.82373046875,5778.133124772892,5688.8955475563225,5688.8955475563225,15454700,0.32786885245901637
2022-11-01,5755.82373046875,5778.133124772892,5666.58615325218,5755.82373046875,10859900,0.05660377358490566
2022-11-02,5733.51416015625,5755.823553775535,5666.585979298395,5733.51416015625,8049600,0.038461538461538464
2022-11-03,5688.8955078125,5733.514296109069,5644.276719515931,5711.204901960785,6507700,0.1935483870967742
2022-11-04,5755.82373046875,5755.82373046875,5666.58615325218,5666.58615325218,8342600,-0.1320754716981132
2022-11-07,5800.44189453125,5800.44189453125,5688.894935021033,5755.823110727163,9420800,0.125
2022-11-08,5778.1328125,5845.060991795367,5711.204633204633,5845.060991795367,4847400,0.10638297872340426
2022-11-09,5845.06103515625,5845.06103515625,5733.514068836474,5778.132855364384,11459700,0.21153846153846154
2022-11-10,5778.1328125,5845.060991795367,5711.204633204633,5845.060991795367,6477700,0.1111111111111111
2022-11-11,5711.2041015625,5800.441665649414,5688.8947105407715,5800.441665649414,6379700,0.007874015748031496
2022-11-14,5778.1328125,5778.1328125,5688.895240106178,5733.514026303089,3416300,-0.13953488372093023
2022-11-15,5800.44189453125,5800.44189453125,5711.204326923077,5778.132502629206,6211600,-0.15436241610738255
2022-11-16,5800.44189453125,5800.44189453125,5711.204326923077,5800.44189453125,5248500,0.01818181818181818
2022-11-17,5822.75146484375,5822.75146484375,5755.823287086925,5800.442072258142,5720700,-0.10326086956521739
2022-11-18,5800.44189453125,5822.751286433293,5755.823110727163,5800.44189453125,3196400,-0.11920529801324503
2022-11-21,5822.75146484375,5845.060857429358,5778.132679672533,5800.442072258142,3922700,0.0
2022-11-22,5755.82373046875,5822.7519133811775,5755.82373046875,5822.7519133811775,4377700,0.2222222222222222
2022-11-23,5755.82373046875,5800.442519077034,5711.204941860465,5778.133124772892,4470700,0.04838709677419355
2022-11-24,5733.51416015625,5822.75173463339,5711.2047665369655,5755.823553775535,3331400,-0.10526315789473684
2022-11-25,5644.2763671875,5733.513938210227,5621.966974431818,5711.204545454545,7401400,0.03125
2022-11-28,5599.65771484375,5666.585894702441,5577.348321557521,5644.2765014162105,7771700,-0.06557377049180328
2022-11-29,5644.2763671875,5688.895152698863,5599.657581676136,5599.657581676136,6442200,-0.19230769230769232
2022-11-30,5755.82373046875,5800.442519077034,5644.276758948037,5644.276758948037,27602900,-0.030303030303030304
2022-12-01,5956.60791015625,5978.917303078184,5822.751552624649,5845.060945546583,23432500,0.047619047619047616
2022-12-02,6045.845703125,6068.155096863469,5845.061159478782,5956.608128171126,18869100,0.24285714285714285
2022-12-05,6045.845703125,6045.845703125,5956.608128171126,6045.845703125,5681800,-0.04054054054054054
2022-12-06,6045.845703125,6045.845703125,5934.2987344326575,6045.845703125,10495400,-0.10909090909090909
2022-12-07,6112.7734375,6112.7734375,6001.226476961679,6023.535869069343,13883500,0.0425531914893617
2022-12-08,6157.39306640625,6157.39306640625,6023.536695397419,6112.774276069973,12426900,0.0
2022-12-09,6179.70166015625,6202.011052431182,6090.46409105652,6135.082875606386,13036900,0.06666666666666667
2022-12-12,6224.32080078125,6246.630194332437,6090.464439474126,6179.702013678875,11385900,0.06818181818181818
2022-12-13,6179.70166015625,6224.320444706114,6112.7734833314535,6224.320444706114,6947300,-0.018518518518518517
2022-12-14,6202.01123046875,6246.63001629946,6157.39244463804,6179.701837553395,8285900,0.11290322580645161
2022-12-15,6224.32080078125,6246.630194332437,6157.392620127688,6202.011407230063,7323000,0.13636363636363635
2022-12-16,6202.01123046875,6246.63001629946,6157.39244463804,6202.01123046875,18611800,-0.13414634146341464
2022-12-19,6246.6298828125,6246.6298828125,6112.773528180804,6202.011097935268,7004500,-0.24242424242424243
2022-12-20,6224.32080078125,6224.32080078125,6112.773833025313,6224.32080078125,4376800,-0.1510791366906475
2022-12-21,6157.39306640625,6224.3212519106655,6112.774276069973,6224.3212519106655,2354800,0.014084507042253521
2022-12-22,6068.1552734375,6179.702245375689,6068.1552734375,6157.392850988052,3586200,0.20754716981132076
2022-12-23,6090.4638671875,6135.082650097298,6023.535692822802,6068.1544757326,3652000,0.17307692307692307
2022-12-26,6135.0830078125,6135.0830078125,6045.845436789772,6045.845436789772,1596500,0.14285714285714285
2022-12-27,6068.1552734375,6157.392850988052,6068.1552734375,6135.083456600414,1878100,0.22727272727272727
2022-12-28,6001.2265625,6112.773524628253,5956.607777648698,6068.154739776952,5291600,0.07317073170731707
2022-12-29,6068.1552734375,6068.1552734375,5978.917695886948,5978.917695886948,4037800,0.13043478260869565
2022-12-30,6001.2265625,6068.154739776952,5978.917170074349,6068.154739776952,3503600,0.020833333333333332
2023-01-02,6045.845703125,6090.4644906019375,6001.226915648063,6001.226915648063,1627200,0.27586206896551724
2023-01-03,6023.5361328125,6112.773705150464,6023.5361328125,6023.5361328125,3939000,-0.18
2023-01-04,6112.7734375,6179.701613822993,6023.535869069343,6023.535869069343,5506500,0.0
2023-01-05,6112.7734375,6135.082829607664,6045.845261177007,6135.082829607664,7888600,0.05084745762711865
2023-01-06,6202.01123046875,6202.01123046875,6001.226694230553,6112.773658807329,6807500,0.01818181818181818
2023-01-09,6202.01123046875,6246.63001629946,6068.154872976619,6202.01123046875,6662300,0.0
2023-01-10,5956.60791015625,6157.392446453652,5889.67973139045,6157.392446453652,14808700,0.19047619047619047
2023-01-11,5956.60791015625,6001.226696000117,5822.751552624649,5956.60791015625,8614300,0.015873015873015872
2023-01-12,5911.9892578125,5978.917438089623,5889.679864386792,5956.608044663915,5670600,-0.05405405405405406
2023-01-13,5978.91748046875,5978.91748046875,5800.442331798041,5911.989299717234,10145600,0.0
2023-01-16,5978.91748046875,6001.226874052589,5911.989299717234,5956.608086884911,5525400,0.21739130434782608
2023-01-17,6090.4638671875,6135.082650097298,5978.916909913003,6001.226301367903,10513800,0.14545454545454545
2023-01-18,6202.01123046875,6202.01123046875,6068.154872976619,6090.464265891974,8657000,0.1111111111111111
2023-01-19,6135.0830078125,6202.011186079545,6112.773615056818,6157.392400568182,5746900,0.022727272727272728
2023-01-20,6135.0830078125,6157.392400568182,6045.845436789772,6135.0830078125,8859000,0.015873015873015872
2023-01-24,6179.70166015625,6179.70166015625,6090.46409105652,6135.082875606386,2858200,0.019230769230769232
2023-01-25,6068.1552734375,6202.011639763327,6068.1552734375,6179.702245375689,4065400,-0.24
2023-01-26,5978.91748046875,6112.773841971782,5978.91748046875,6068.155054804104,7859300,-0.043478260869565216
2023-01-27,5978.91748046875,6045.845661220265,5956.608086884911,5978.91748046875,11380600,-0.05357142857142857
2023-01-30,6068.1552734375,6068.1552734375,5956.608301499311,5978.917695886948,4366900,0.03636363636363636
2023-01-31,6001.2265625,6112.773524628253,5934.298385223048,6068.154739776952,13151600,0.1326530612244898
2023-02-01,5934.29833984375,6001.226516608905,5911.9889475886985,5978.917124353853,6670400,-0.06666666666666667
2023-02-02,5889.6796875,5956.607865767045,5867.370294744318,5934.298473011363,12490700,0.09259259259259259
2023-02-03,5978.91748046875,6001.226874052589,5889.679906133395,5911.989299717234,7031300,0.024390243902439025
2023-02-06,5956.60791015625,6001.226696000117,5889.67973139045,5978.917303078184,5734700,-0.014285714285714285
2023-02-07,5956.60791015625,5978.917303078184,5911.989124312383,5956.60791015625,3099300,0.0
2023-02-08,6068.1552734375,6068.1552734375,5956.608301499311,5978.917695886948,6700000,0.04938271604938271
2023-02-09,6045.845703125,6090.4644906019375,6023.536309386532,6068.155096863469,4626300,0.08928571428571429
2023-02-10,6157.39306640625,6157.39306640625,5978.917905061142,6045.8460905655575,6431600,0.05263157894736842
2023-02-13,6001.2265625,6135.082917053903,6001.2265625,6112.773524628253,5797100,0.1956521739130435
2023-02-14,6023.5361328125,6068.154918981481,5978.917346643519,6001.226739728009,4590400,0.1111111111111111
2023-02-15,5956.60791015625,6023.536088922051,5889.67973139045,5978.917303078184,7480200,0.23076923076923078
2023-02-16,5889.6796875,5956.607865767045,5889.6796875,5956.607865767045,5561500,0.16666666666666666
2023-02-17,5889.6796875,5889.6796875,5800.442116477272,5889.6796875,11153200,0.045454545454545456
2023-02-20,5911.9892578125,5911.9892578125,5845.061077535377,5845.061077535377,4762600,-0.11764705882352941
2023-02-21,5822.75146484375,5911.989035186183,5822.75146484375,5889.679642600575,6341600,0.19230769230769232
2023-02-22,5889.6796875,5889.6796875,5822.751509232954,5822.751509232954,2984600,0.19642857142857142
2023-02-23,5867.3701171875,5911.988901348622,5845.060725106939,5889.67950926806,4014800,-0.13636363636363635
2023-02-24,5867.3701171875,5911.988901348622,5845.060725106939,5867.3701171875,2435400,-0.022727272727272728
2023-02-27,5889.6796875,5889.6796875,5822.751509232954,5867.370294744318,6349700,0.32075471698113206
2023-02-28,5778.1328125,5889.679777992278,5778.1328125,5889.679777992278,15811400,0.125
2023-03-01,5599.65771484375,5800.442254419821,5599.65771484375,5778.132861133591,14766000,-0.016129032258064516
2023-03-02,5577.34814453125,5666.58571484375,5577.34814453125,5621.9669296875,9675100,-0.0375
2023-03-03,5599.65771484375,5644.2765014162105,5577.348321557521,5577.348321557521,7910700,0.039473684210526314
2023-03-06,5577.34814453125,5644.276322265625,5577.34814453125,5621.9669296875,5126200,-0.07777777777777778
2023-03-07,5577.34814453125,5644.276322265625,5532.729359375,5577.34814453125,8384500,0.0
2023-03-08,5488.11083984375,5599.657808133257,5488.11083984375,5577.348414475356,9222400,-0.04225352112676056
2023-03-09,5488.11083984375,5577.348414475356,5488.11083984375,5510.420233501652,5789000,-0.07575757575757576
2023-03-10,5465.8017578125,5532.729942602041,5443.492362882653,5488.111152742346,5466400,0.13846153846153847
2023-03-13,5465.8017578125,5555.039337531887,5443.492362882653,5465.8017578125,5179700,-0.05154639175257732
2023-03-14,5510.419921875,5555.038706667509,5465.80113708249,5488.110529478745,7033700,0.07894736842105263
2023-03-15,5443.49169921875,5555.038660268315,5443.49169921875,5510.419875848489,6553100,0.1686746987951807
2023-03-16,5488.11083984375,5510.420233501652,5398.873265212144,5443.492052527947,3570900,0.12698412698412698
2023-03-17,5465.8017578125,5555.039337531887,5443.492362882653,5488.111152742346,17695500,0.12941176470588237
2023-03-20,5532.7294921875,5532.7294921875,5465.801312846522,5465.801312846522,2325300,0.1511627906976744
2023-03-21,5465.8017578125,5555.039337531887,5465.8017578125,5555.039337531887,7628100,0.0
2023-03-24,5644.2763671875,5711.204545454545,5510.420010653409,5532.729403409091,9974300,0.0594059405940594
2023-03-27,5688.8955078125,5733.514296109069,5666.586113664216,5733.514296109069,7332800,-0.12
2023-03-28,5688.8955078125,5755.8236902573535,5666.586113664216,5688.8955078125,7110100,0.08181818181818182
2023-03-29,5666.5859375,5778.132904773623,5666.5859375,5711.204724409449,10059800,0.018018018018018018
2023-03-30,5711.2041015625,5778.132274627686,5666.585319519043,5711.2041015625,7313600,-0.16129032258064516
2023-03-31,5532.7294921875,5733.514030210433,5532.7294921875,5711.204637096774,15207500,-0.25
2023-04-03,5510.419921875,5577.3480990637645,5510.419921875,5532.729314271255,7453300,-0.05555555555555555
2023-04-04,5666.5859375,5666.5859375,5510.420183316929,5510.420183316929,7999600,-0.05426356589147287
2023-04-05,5599.65771484375,5688.895287988671,5599.65771484375,5688.895287988671,6600000,-0.009523809523809525
2023-04-06,5577.34814453125,5666.58571484375,5577.34814453125,5621.9669296875,6684600,0.07920792079207921
2023-04-10,5644.2763671875,5644.2763671875,5532.729403409091,5599.657581676136,5879200,-0.05813953488372093
2023-04-11,5666.5859375,5666.5859375,5577.3483636811025,5644.276544045276,4139000,-0.15966386554621848
2023-04-12,5599.65771484375,5666.585894702441,5577.348321557521,5644.2765014162105,7923000,-0.13333333333333333
2023-04-13,5599.65771484375,5644.2765014162105,5599.65771484375,5621.96710812998,2624900,-0.08695652173913043
2023-04-14,5621.96728515625,5711.204861111111,5599.657891167535,5599.657891167535,8912100,-0.07462686567164178
2023-04-17,5644.2763671875,5711.204545454545,5599.657581676136,5644.2763671875,10704300,-0.04477611940298507
2023-04-18,5666.5859375,5711.204724409449,5644.276544045276,5711.204724409449,4925100,0.019230769230769232
2023-04-26,5800.44189453125,5800.44189453125,5688.894935021033,5711.204326923077,14098900,-0.0684931506849315
2023-04-27,5733.51416015625,5800.442341014105,5688.89537291768,5778.13294739482,7393900,-0.08849557522123894
2023-04-28,5755.82373046875,5800.442519077034,5711.204941860465,5733.514336164607,11951800,0.0449438202247191
2023-05-02,5800.44189453125,5800.44189453125,5711.204326923077,5778.132502629206,6229800,0.11194029850746269
2023-05-03,5934.29833984375,6068.15469337406,5845.060770823543,6045.845301119009,20460100,0.16666666666666666
2023-05-04,5911.9892578125,5978.917438089623,5845.061077535377,5889.679864386792,13351700,0.0784313725490196
2023-05-05,5978.91748046875,5978.91748046875,5867.370512549557,5934.2986933010725,8005500,0.061224489795918366
2023-05-08,6135.0830078125,6135.0830078125,5956.607865767045,5978.917258522727,15963300,0.0
2023-05-09,6090.4638671875,6157.392041552197,6045.845084277701,6135.082650097298,8982000,0.1111111111111111
2023-05-10,6157.39306640625,6157.39306640625,6068.155485733696,6112.774276069973,8697100,0.0
2023-05-11,6068.1552734375,6157.392850988052,6023.536484662224,6157.392850988052,4955500,0.25806451612903225
2023-05-12,6001.2265625,6068.154739776952,5978.917170074349,6068.154739776952,8843800,0.0
2023-05-15,6001.2265625,6045.845347351301,5956.607777648698,6001.2265625,8207300,0.2727272727272727
2023-05-16,6090.4638671875,6112.773258642399,5978.916909913003,6001.226301367903,12010300,0.38461538461538464
2023-05-17,6068.1552734375,6112.774062212776,6001.227090274587,6090.464667825138,8442300,0.2204724409448819
2023-05-19,6202.01123046875,6202.01123046875,6045.8454800612635,6068.154872976619,13551700,0.1509433962264151
2023-05-22,6157.39306640625,6246.630647078805,6135.0836712381115,6202.011856742527,9774100,0.24489795918367346
2023-05-23,6202.01123046875,6224.320623384106,6157.39244463804,6157.39244463804,17598400,0.4406779661016949
2023-05-24,6202.01123046875,6224.320623384106,6135.083051722685,6202.01123046875,10056700,0.2112676056338028
2023-05-25,6335.86767578125,6402.795855454996,6202.011316433759,6224.320709658341,18238400,0.24489795918367346
2023-05-26,6425.10498046875,6469.723765055338,6335.867411295572,6335.867411295572,12859400,-0.11538461538461539
2023-05-29,6425.10498046875,6492.033157348633,6358.176803588867,6425.10498046875,8783500,0.09375
2023-05-30,6380.486328125,6425.105113636363,6380.486328125,6402.795720880682,4062300,-0.04081632653061224
2023-05-31,6335.86767578125,6492.033428353323,6335.86767578125,6402.795855454996,30276400,0.18597560975609756
2023-06-05,6469.72412109375,6492.033514614764,6380.486547009698,6425.105334051725,16147500,0.10714285714285714
2023-06-06,6581.27099609375,6670.50856892214,6469.7240300582625,6492.03342326536,20431800,-0.02654867256637168
2023-06-07,6648.19921875,6670.50861210151,6603.58043204698,6625.88982539849,15381300,0.14953271028037382
2023-06-08,6625.8896484375,6692.817826704545,6581.270862926136,6692.817826704545,7128700,0.08163265306122448
2023-06-09,6625.8896484375,6670.508433948863,6536.652077414772,6536.652077414772,7917400,0.11004784688995216
2023-06-12,6648.19921875,6670.50861210151,6625.88982539849,6648.19921875,9202800,0.17791411042944785
2023-06-13,6558.96142578125,6670.508388804741,6558.96142578125,6670.508388804741,6909100,0.2518518518518518
2023-06-14,6625.8896484375,6648.199041193182,6558.961470170454,6558.961470170454,7028600,0.16901408450704225
2023-06-15,6648.19921875,6670.50861210151,6603.58043204698,6648.19921875,6013200,0.21428571428571427
2023-06-16,6492.033203125,6670.508342729811,6492.033203125,6625.889557828608,20763800,0.15028901734104047
2023-06-19,6603.58056640625,6603.58056640625,6492.033597379117,6492.033597379117,12730100,0.16071428571428573
2023-06-20,6380.486328125,6581.270862926136,6358.176935369318,6581.270862926136,15719800,0.10416666666666667
2023-06-21,6581.27099609375,6603.580389300848,6402.795850436971,6402.795850436971,9816700,0.2289156626506024
2023-06-22,6447.4150390625,6603.580801254326,6447.4150390625,6581.271406655493,6933500,0.16389548693586697
2023-06-23,6514.3427734375,6603.58034567637,6469.723987318065,6469.723987318065,6846700,0.09510869565217392
2023-06-26,6536.65234375,6625.889918408703,6514.3429500853235,6558.961737414676,10303900,0.04838709677419355
2023-06-27,6558.96142578125,6558.96142578125,6469.7238553624575,6558.96142578125,5117200,0.028169014084507043
2023-07-03,6469.72412109375,6581.271088698815,6447.414727572737,6558.9616951778025,13036000,0.0
2023-07-04,6581.27099609375,6581.27099609375,6469.7240300582625,6492.03342326536,7371300,0.0223463687150838
2023-07-05,6625.8896484375,6670.508433948863,6558.961470170454,6581.270862926136,9377600,0.07874015748031496
2023-07-06,6648.19921875,6670.50861210151,6581.27103869547,6625.88982539849,18386200,-0.006172839506172839
2023-07-07,6723.98876953125,6793.3082413820875,6677.775788297358,6747.095260148196,13723700,0.02158273381294964
2023-07-10,6700.88232421875,6770.201796538255,6700.88232421875,6747.095305765086,5040100,-0.025
2023-07-11,6747.09521484375,6770.201705305543,6700.882233920162,6700.882233920162,6802300,0.19047619047619047
2023-07-12,6839.52099609375,6908.840465648755,6723.98854683541,6770.201526538745,7082100,0.007874015748031496
2023-07-13,6885.734375,6955.053848573826,6839.52139261745,6839.52139261745,13443000,0.09166666666666666
2023-07-14,6885.734375,6978.1603397651015,6862.6278838087255,6908.840866191275,8083900,0.031578947368421054
2023-07-17,6747.09521484375,6885.734157614512,6747.09521484375,6862.6276671527185,8103500,0.06363636363636363
2023-07-18,6793.30810546875,6793.30810546875,6677.7756546954715,6770.201615314095,4210000,0.125
2023-07-20,6770.20166015625,6816.414640771651,6700.882189233148,6793.30815046395,4843300,0.14285714285714285
2023-07-21,6770.20166015625,6793.30815046395,6700.882189233148,6770.20166015625,4121300,0.21428571428571427
2023-07-24,6723.98876953125,6793.3082413820875,6723.98876953125,6793.3082413820875,2613300,-0.020202020202020204
2023-07-25,6631.56298828125,6770.201935771451,6631.56298828125,6770.201935771451,7641300,0.12087912087912088
2023-07-26,6631.56298828125,6700.88246202635,6608.456497032884,6631.56298828125,6788300,0.022727272727272728
2023-07-27,6700.88232421875,6770.201796538255,6631.562851899245,6631.562851899245,4790800,-0.07936507936507936
2023-07-28,6770.20166015625,6770.20166015625,6654.669208617747,6723.988679540848,6679800,0.05194805194805195
2023-07-31,6770.20166015625,6816.414640771651,6700.882189233148,6770.20166015625,10226200,0.09722222222222222
2023-08-01,6469.8173828125,6723.988779994419,6469.8173828125,6723.988779994419,15284400,-0.10101010101010101
2023-08-02,6516.0302734375,6516.0302734375,6377.391331449468,6469.817292774823,10482500,0.05172413793103448
2023-08-03,6516.0302734375,6585.349744431516,6469.817292774823,6516.0302734375,7667100,0.13157894736842105
2023-08-04,6516.0302734375,6562.243254100177,6469.817292774823,6516.0302734375,3234300,0.1111111111111111
2023-08-07,6539.13671875,6585.349699094523,6516.030228577739,6562.243208922262,6723400,0.046153846153846156
2023-08-08,6469.8173828125,6562.243345424106,6446.710892159598,6492.923873465402,10356300,0.07692307692307693
2023-08-09,6446.7109375,6469.817428315412,6400.497955869176,6469.817428315412,8377200,-0.3157894736842105
2023-08-10,6539.13671875,6562.243208922262,6446.7107580609545,6446.7107580609545,11422100,-0.03508771929824561
2023-08-11,6516.0302734375,6562.243254100177,6469.817292774823,6562.243254100177,10644900,-0.1111111111111111
2023-08-14,6516.0302734375,6539.136763768839,6446.710802443484,6516.0302734375,9921900,0.016129032258064516
2023-08-15,6469.8173828125,6516.030364118304,6423.604401506696,6516.030364118304,5207500,-0.0410958904109589
2023-08-16,6562.2431640625,6562.2431640625,6446.710713990978,6469.817204005282,4884000,-0.06521739130434782
2023-08-18,6516.0302734375,6562.243254100177,6469.817292774823,6516.0302734375,6531000,-0.013513513513513514
2023-08-21,6469.8173828125,6516.030364118304,6423.604401506696,6516.030364118304,7689000,0.012048192771084338
2023-08-22,6469.8173828125,6516.030364118304,6446.710892159598,6446.710892159598,3011900,0.08943089430894309
2023-08-23,6539.13671875,6608.456189266784,6469.817248233216,6469.817248233216,8107300,-0.009174311926605505
2023-08-24,6492.923828125,6585.3497900911925,6492.923828125,6539.136809108096,5008100,0.10743801652892562
2023-08-25,6585.349609375,6608.456099232457,6469.8171600877195,6492.923649945175,6990900,0.052083333333333336
2023-08-28,6562.2431640625,6631.562634105414,6539.136674048195,6585.349654076805,3667400,-0.05102040816326531
2023-08-29,6608.4560546875,6654.66903409091,6562.243075284091,6608.4560546875,7986000,-0.15827338129496402
2023-08-30,6516.0302734375,6631.562725094193,6492.923783106162,6608.456234762854,6222700,-0.03571428571428571
2023-08-31,6562.2431640625,6562.2431640625,6492.923694019587,6516.030184033892,8339000,0.31017770597738287
2023-09-01,6469.8173828125,6562.243345424106,6469.8173828125,6562.243345424106,7093600,0.015873015873015872
2023-09-04,6377.39111328125,6516.030050526495,6354.284623740376,6469.817071444747,10757100,0.024193548387096774
2023-09-05,6331.17822265625,6377.391202383668,6308.071732792541,6377.391202383668,9101400,0.03488372093023256
2023-09-06,6354.28466796875,6377.391157670455,6308.071688565341,6331.178178267046,11380400,0.041666666666666664
2023-09-07,6423.6044921875,6423.6044921875,6331.178528271133,6354.285019250225,11387100,0.02702702702702703
2023-09-08,6400.498046875,6446.711029162906,6354.285064587093,6446.711029162906,6631800,0.1935483870967742
2023-09-11,6423.6044921875,6423.6044921875,6354.285019250225,6400.498001208408,4051500,0.043010752688172046
2023-09-12,6331.17822265625,6446.710671974795,6308.071732792541,6446.710671974795,7691500,0.18888888888888888
2023-09-13,6377.39111328125,6377.39111328125,6284.965155117754,6331.178134199502,7498200,0.11666666666666667
2023-09-14,6192.53955078125,6354.284986809119,6192.53955078125,6331.178495947995,14765100,0.13114754098360656
2023-09-15,6238.75244140625,6238.75244140625,6146.326479311343,6192.5394603587965,16267700,0.2833333333333333
2023-09-18,6100.11328125,6238.752219460228,6077.006791548296,6238.752219460228,10488700,0.06722689075630252
2023-09-19,6169.43310546875,6192.539596500468,6100.1136323735955,6100.1136323735955,4209900,0.09627329192546584
2023-09-20,6284.96533203125,6400.497782987706,6169.432881074793,6169.432881074793,13558600,0.024793388429752067
2023-09-21,6192.53955078125,6354.284986809119,6146.326569059002,6284.965514225746,14277900,0.14672686230248308
2023-09-22,6261.85888671875,6284.965377075646,6192.5394156480625,6192.5394156480625,8640500,0.11068702290076336
2023-09-25,6261.85888671875,6308.071867432542,6192.5394156480625,6284.965377075646,10989900,0.04132231404958678
2023-09-26,6192.53955078125,6284.965514225746,6192.53955078125,6261.859023364623,8020900,0.11026615969581749
2023-09-27,6238.75244140625,6261.858931929977,6146.326479311343,6192.5394603587965,6313500,0.01838235294117647
2023-09-29,6123.2197265625,6261.858663767689,6123.2197265625,6238.75217423349,10802800,0.09090909090909091
2023-10-02,6238.75244140625,6284.9654224537035,6123.219988787616,6123.219988787616,6077200,-0.10526315789473684
2023-10-03,6215.64599609375,6308.071958860943,6215.64599609375,6238.752486785548,8195600,0.03592814371257485
2023-10-04,6238.75244140625,6261.858931929977,6169.432969835069,6215.645950882524,10500800,-0.09473684210526316
2023-10-05,6354.28466796875,6446.710626775569,6215.645729758523,6261.858709161932,15362100,-0.012987012987012988
2023-10-06,6354.28466796875,6562.243075284091,6331.178178267046,6400.497647372159,11936900,0.03614457831325301
2023-10-09,6331.17822265625,6400.497692247377,6284.965242928833,6377.391202383668,6425200,0.1111111111111111
2023-10-10,6284.96533203125,6423.604273178998,6284.96533203125,6377.391292796416,4329100,-0.037037037037037035
2023-10-11,6238.75244140625,6377.391384548611,6238.75244140625,6308.071912977431,14465700,0.13178294573643412
2023-10-12,6215.64599609375,6331.178449552741,6215.64599609375,6238.752486785548,7306700,0.05785123966942149
2023-10-13,6192.53955078125,6261.859023364623,6192.53955078125,6238.7525325034985,3865100,0.12698412698412698
2023-10-16,6215.64599609375,6261.858977477346,6169.433014710153,6192.539505401951,6263100,0.10869565217391304
2023-10-17,6331.17822265625,6331.17822265625,6215.645773337706,6238.752263201414,6085400,0.019801980198019802
2023-10-18,6284.96533203125,6331.178312413833,6238.752351648667,6331.178312413833,6339600,0.14
2023-10-19,6238.75244140625,6284.9654224537035,6192.5394603587965,6284.9654224537035,8549100,0.27350427350427353
2023-10-20,6169.43310546875,6238.7525785639045,6146.326614437032,6215.646087532186,4622200,0.029411764705882353
2023-10-23,6100.11328125,6215.645729758523,6100.11328125,6192.539240056819,6392900,0.1342281879194631
2023-10-24,6215.64599609375,6284.9654681691445,6100.113542634758,6100.113542634758,5377200,0.03333333333333333
2023-10-25,6238.75244140625,6308.071912977431,6215.645950882524,6215.645950882524,3305700,-0.03676470588235294
2023-10-26,6238.75244140625,6308.071912977431,6123.219988787616,6238.75244140625,13444300,0.031007751937984496
2023-10-27,6238.75244140625,6284.9654224537035,6192.5394603587965,6238.75244140625,3881200,-0.015151515151515152
2023-10-30,6215.64599609375,6261.858977477346,6123.220033326556,6238.752486785548,7559900,0.06504065040650407
2023-10-31,6146.326171875,6238.752129346804,6100.113193139097,6215.645639978853,5296800,0.14583333333333334
2023-11-01,6146.326171875,6423.604044290413,6100.113193139097,6192.539150610902,17099100,-0.02666666666666667
2023-11-02,5984.5810546875,6192.539469715251,5984.5810546875,6192.539469715251,14730300,0.03
2023-11-03,5892.15478515625,6053.900210631127,5845.941806449142,6007.687231924019,17258700,-0.037037037037037035
2023-11-06,5869.04833984375,5938.367808424581,5845.941850316805,5892.154829370694,11673400,0.0379746835443038
2023-11-07,5892.15478515625,5915.261274509804,5845.941806449142,5869.048295802696,8637700,-0.13157894736842105
2023-11-08,5869.04833984375,5915.2613188976375,5753.51589220903,5892.154829370694,9490600,0.008849557522123894
2023-11-09,5845.94189453125,5915.261363636364,5822.835404829546,5869.048384232955,4705100,0.11650485436893204
2023-11-10,5845.94189453125,5892.154873934659,5822.835404829546,5845.94189453125,4843800,-0.056910569105691054
2023-11-13,5961.474609375,5961.474609375,5845.942155704942,5869.048646438953,5301800,-0.1853932584269663
2023-11-14,5892.15478515625,6007.687231924019,5892.15478515625,5961.474253216912,4049000,-0.2112676056338028
2023-11-15,5938.3681640625,5984.581145883998,5938.3681640625,5938.3681640625,4640400,-0.01694915254237288
2023-11-16,5961.474609375,5984.5811001090115,5869.048646438953,5961.474609375,4296200,-0.025423728813559324
2023-11-17,5938.3681640625,5961.474654973249,5869.048691330253,5961.474654973249,4205400,0.12857142857142856
2023-11-20,5915.26171875,5984.581192016602,5915.26171875,5961.474700927734,2162700,-0.016
2023-11-21,5938.3681640625,5961.474654973249,5869.048691330253,5938.3681640625,4177300,0.07142857142857142
2023-11-22,5869.04833984375,5938.367808424581,5869.04833984375,5938.367808424581,5321400,-0.043478260869565216
2023-11-23,5869.04833984375,5938.367808424581,5845.941850316805,5892.154829370694,4273200,0.1592920353982301
2023-11-24,5938.3681640625,5938.3681640625,5869.048691330253,5869.048691330253,1745400,0.13559322033898305
2023-11-27,5915.26171875,6007.687683105469,5915.26171875,5938.368209838867,5362700,0.0
2023-11-28,5892.15478515625,5961.474253216912,5892.15478515625,5915.261274509804,5766500,-0.0594059405940594
2023-11-29,5938.3681640625,5961.474654973249,5892.155182241002,5915.261673151751,4533600,0.19230769230769232
2023-11-30,5938.3681640625,5938.3681640625,5799.729218598006,5892.155182241002,27474900,0.16842105263157894
2023-12-01,5845.94189453125,5938.367853338069,5822.835404829546,5938.367853338069,10269200,0.014285714285714285
2023-12-04,5869.04833984375,5915.2613188976375,5845.941850316805,5869.04833984375,6679200,0.04310344827586207
2023-12-05,5984.5810546875,5984.5810546875,5869.048601894305,5892.155092452944,7961900,0.17272727272727273
2023-12-06,6007.6875,6123.219951923077,5938.368028846154,5961.474519230769,10236700,-0.017241379310344827
2023-12-07,5961.474609375,6007.687590843023,5915.261627906977,6007.687590843023,5407500,0.06557377049180328
2023-12-08,5915.26171875,5938.368209838867,5845.942245483398,5915.26171875,7280800,-0.08771929824561403
2023-12-11,5892.15478515625,5915.261274509804,5845.941806449142,5915.261274509804,4425400,0.03076923076923077
2023-12-12,5938.3681640625,5938.3681640625,5869.048691330253,5892.155182241002,3053800,-0.0970873786407767
2023-12-13,5915.26171875,5938.368209838867,5869.048736572266,5915.26171875,3848400,-0.03571428571428571
2023-12-14,5915.26171875,5961.474700927734,5892.155227661133,5915.26171875,2822100,0.013422818791946308
2023-12-15,5845.94189453125,5892.154873934659,5845.94189453125,5869.048384232955,11985300,-0.015873015873015872
2023-12-18,5799.72900390625,5892.154964127863,5776.622513850846,5845.941984017057,14586700,0.15833333333333333
2023-12-19,5845.94189453125,5869.048384232955,5776.622425426137,5799.728915127841,2670000,0.23809523809523808
2023-12-20,5799.72900390625,5869.0484740724605,5799.72900390625,5845.941984017057,5902400,0.1415929203539823
2023-12-21,5799.72900390625,5845.941984017057,5776.622513850846,5822.835493961654,5786000,0.034782608695652174
2023-12-22,5799.72900390625,5869.0484740724605,5799.72900390625,5822.835493961654,6712600,0.10112359550561797
2023-12-27,5869.04833984375,5915.2613188976375,5799.728871262918,5799.728871262918,3536000,0.0
2023-12-28,5961.474609375,6007.687590843023,5869.048646438953,5869.048646438953,8530100,-0.0072992700729927005
2023-12-29,5961.474609375,5984.5811001090115,5915.261627906977,5984.5811001090115,4935900,0.023255813953488372
2024-01-02,5961.474609375,5984.5811001090115,5892.155137172966,5961.474609375,5426000,0.11570247933884298
2024-01-03,5915.26171875,5984.581192016602,5915.26171875,5961.474700927734,4723600,0.08074534161490683
2024-01-04,5961.474609375,6007.687590843023,5915.261627906977,5938.3681186409885,3613500,-0.03870967741935484
2024-01-05,5961.474609375,6053.900572311047,5961.474609375,5984.5811001090115,8987300,-0.025157232704402517
2024-01-08,5915.26171875,6007.687683105469,5915.26171875,5961.474700927734,5581500,-0.011494252873563218
2024-01-09,5892.15478515625,5938.367763863358,5869.048295802696,5915.261274509804,7189600,0.05084745762711865
2024-01-10,5869.04833984375,5961.474297951525,5869.04833984375,5892.154829370694,8212600,0.059782608695652176
2024-01-11,5869.04833984375,5938.367808424581,5869.04833984375,5915.2613188976375,3817600,-0.029585798816568046
2024-01-12,5892.15478515625,5915.261274509804,5869.048295802696,5869.048295802696,5482500,0.0
2024-01-15,5961.474609375,6007.687590843023,5915.261627906977,5915.261627906977,6476000,0.02412280701754386
2024-01-16,5961.474609375,6030.794081577035,5938.3681186409885,5984.5811001090115,9762800,-0.1023391812865497
2024-01-17,5915.26171875,5961.474700927734,5869.048736572266,5961.474700927734,7956300,-0.09051724137931035
2024-01-18,5892.15478515625,5915.261274509804,5845.941806449142,5892.15478515625,6634800,0.07920792079207921
2024-01-19,5961.474609375,5984.5811001090115,5869.048646438953,5915.261627906977,7319600,-0.0761904761904762
2024-01-22,5938.3681640625,5984.581145883998,5915.261673151751,5961.474654973249,7346000,0.0670391061452514
2024-01-23,5915.26171875,5938.368209838867,5869.048736572266,5938.368209838867,7874600,-0.04316546762589928
2024-01-24,5961.474609375,5961.474609375,5892.155137172966,5915.261627906977,4089900,0.09868421052631579
2024-01-25,5915.26171875,5984.581192016602,5915.26171875,5961.474700927734,6866400,-0.05747126436781609
2024-01-26,5938.3681640625,5961.474654973249,5892.155182241002,5915.261673151751,5164900,0.024193548387096774
2024-01-29,5938.3681640625,5938.3681640625,5892.155182241002,5938.3681640625,6407200,-0.06206896551724138
2024-01-30,5915.26171875,5938.368209838867,5892.155227661133,5915.26171875,4531400,-0.007751937984496124
2024-01-31,5892.15478515625,5938.367763863358,5892.15478515625,5892.15478515625,9544700,-0.06666666666666667
2024-02-01,5869.04833984375,5961.474297951525,5869.04833984375,5869.04833984375,10779600,-0.08333333333333333
2024-02-02,5915.26171875,5915.26171875,5869.048736572266,5869.048736572266,7356800,-0.0594059405940594
2024-02-05,5822.83544921875,5938.36789860801,5822.83544921875,5915.261408730159,9865400,0.0
2024-02-06,5869.04833984375,5915.2613188976375,5822.835360789862,5845.941850316805,9445700,-0.008
2024-02-07,5869.04833984375,5961.474297951525,5845.941850316805,5892.154829370694,10270400,0.10101010101010101
2024-02-12,5915.26171875,5961.474700927734,5869.048736572266,5869.048736572266,7077000,0.053763440860215055
2024-02-13,5869.04833984375,5961.474297951525,5869.04833984375,5915.2613188976375,5485300,0.01639344262295082
2024-02-15,5915.26171875,5984.581192016602,5892.155227661133,5938.368209838867,12271900,-0.06622516556291391
2024-02-16,5938.3681640625,5984.581145883998,5915.261673151751,5915.261673151751,5762300,-0.05333333333333334
2024-02-19,5984.5810546875,6077.007016922055,5938.368073570222,5961.474564128861,8429500,0.024
2024-02-20,6053.900390625,6077.006880665554,5984.580920503339,5984.580920503339,5677400,0.04310344827586207
2024-02-21,6100.11328125,6100.11328125,6007.687322443182,6053.900301846591,10104200,0.17692307692307693
2024-02-22,6215.64599609375,6215.64599609375,6077.00705194296,6100.113542634758,9489900,0.029850746268656716
2024-02-23,6215.64599609375,6238.752486785548,6123.220033326556,6238.752486785548,8713200,-0.1262135922330097
2024-02-26,6123.2197265625,6192.5391951650945,6053.9002579599055,6169.432705630896,7884800,0.03896103896103896
2024-02-27,6077.0068359375,6100.113325807985,6030.793856196531,6100.113325807985,5456800,0.01282051282051282
2024-02-28,6123.2197265625,6123.2197265625,6053.9002579599055,6077.006747494103,2090500,-0.10144927536231885
2024-02-29,6123.2197265625,6146.326216096698,6030.793768425708,6123.2197265625,10783000,-0.19626168224299065
2024-03-01,6169.43310546875,6169.43310546875,6053.900650310159,6053.900650310159,6023600,0.06896551724137931
2024-03-04,6053.900390625,6169.432840827767,6053.900390625,6169.432840827767,5809200,0.05333333333333334
2024-03-05,6007.6875,6077.006971153846,5984.581009615385,6077.006971153846,6990600,0.09259259259259259
2024-03-06,6007.6875,6053.900480769231,5984.581009615385,6007.6875,4956200,0.0
2024-03-07,5869.04833984375,6007.687277005413,5869.04833984375,5984.58078747847,11093000,0.06666666666666667
2024-03-08,5869.04833984375,5915.2613188976375,5845.941850316805,5892.154829370694,11796000,-0.055248618784530384
2024-03-13,5822.83544921875,5938.36789860801,5822.83544921875,5869.0484289744545,13159000,-0.10029498525073746
2024-03-14,5938.3681640625,5938.3681640625,5822.835709508755,5845.942200419504,9245200,-0.07647058823529412
2024-03-15,5938.3681640625,6007.687636794747,5892.155182241002,5938.3681640625,21189100,-0.14018691588785046
2024-03-18,5961.474609375,6007.687590843023,5915.261627906977,5961.474609375,5242800,0.036290322580645164
2024-03-19,5938.3681640625,5984.581145883998,5892.155182241002,5961.474654973249,9572300,0.04201680672268908
2024-03-20,5984.5810546875,5984.5810546875,5938.368073570222,5961.474564128861,5278100,0.07471264367816093
2024-03-21,5961.474609375,6030.794081577035,5938.3681186409885,5984.5811001090115,7929300,0.07333333333333333
2024-03-22,5938.3681640625,5984.581145883998,5915.261673151751,5961.474654973249,3483700,0.039525691699604744
2024-03-25,5961.474609375,6007.687590843023,5938.3681186409885,6007.687590843023,5631900,-0.046153846153846156
2024-03-26,5892.15478515625,5915.261274509804,5753.515849034927,5915.261274509804,14396800,0.05581395348837209
2024-03-27,5845.94189453125,5892.154873934659,5799.728915127841,5869.048384232955,9153300,-0.07391304347826087
2024-03-28,5892.15478515625,5892.15478515625,5845.941806449142,5845.941806449142,6138100,0.015151515151515152
2024-04-01,5938.3681640625,5938.3681640625,5845.942200419504,5915.261673151751,9236200,-0.011235955056179775
2024-04-02,6100.11328125,6100.11328125,5915.261363636364,5938.367853338069,12799100,0.014598540145985401
2024-04-03,6053.900390625,6100.113370706107,6030.793900584446,6100.113370706107,10251600,0.0
2024-04-04,6007.6875,6053.900480769231,5984.581009615385,6053.900480769231,4924100,0.03546099290780142
2024-04-05,6007.6875,6077.006971153846,6007.6875,6007.6875,6930600,0.0038910505836575876
2024-04-16,5684.19677734375,5892.155196027058,5661.090286378938,5822.835723132623,31099400,-0.0091324200913242
2024-04-17,5591.7705078125,5730.409446022728,5591.7705078125,5707.302956321023,12128500,0.15300546448087432
2024-04-18,5661.08984375,5661.08984375,5591.77037627551,5591.77037627551,11611100,0.004081632653061225
2024-04-19,5637.9833984375,5637.9833984375,5568.663930423924,5637.9833984375,10631200,-0.004048582995951417
2024-04-22,5684.19677734375,5684.19677734375,5568.66432251969,5637.983795414127,8102700,0.07096774193548387
2024-04-23,5568.6640625,5684.196511929461,5568.6640625,5684.196511929461,7475600,0.06707317073170732
2024-04-24,5591.7705078125,5637.983487215909,5568.664018110796,5591.7705078125,5024200,0.012738853503184714
2024-04-25,5730.40966796875,5730.40966796875,5591.770724388861,5614.877214985509,7265800,-0.030864197530864196
2024-04-26,5591.7705078125,5730.409446022728,5591.7705078125,5730.409446022728,5110600,0.006060606060606061
2024-04-29,5707.30322265625,5707.30322265625,5591.770768756326,5614.877259536311,5155300,-0.07368421052631578
2024-04-30,5776.62255859375,5822.8355390625,5661.090107421875,5730.409578125,8890900,-0.06779661016949153
2024-05-02,5753.51611328125,5799.729094110819,5684.196642036897,5776.622603696034,9811900,-0.0663265306122449
2024-05-03,5753.51611328125,5776.622603696034,5661.090151622114,5776.622603696034,3416500,-0.030456852791878174
2024-05-06,5753.51611328125,5799.729094110819,5684.196642036897,5799.729094110819,5501200,-0.12439024390243902
2024-05-07,5684.19677734375,5776.622741202998,5684.19677734375,5753.516250238186,4465300,0.05573770491803279
2024-05-08,5730.40966796875,5730.40966796875,5637.983705582157,5707.303177372101,6840500,0.016260162601626018
2024-05-13,5637.9833984375,5707.302866451076,5568.663930423924,5707.302866451076,10170800,0.14093959731543623
2024-05-14,5707.30322265625,5707.30322265625,5614.877259536311,5661.09024109628,7383800,0.034722222222222224
2024-05-15,5637.9833984375,5707.302866451076,5591.770419761783,5684.196377113218,7161400,0.0
2024-05-16,5684.19677734375,5707.303268308562,5637.983795414127,5637.983795414127,8487800,-0.05232558139534884
2024-05-17,5684.19677734375,5730.409759273374,5637.983795414127,5684.19677734375,6993300,-0.03529411764705882
2024-05-20,5753.51611328125,5776.622603696034,5684.196642036897,5684.196642036897,6498900,0.013157894736842105
2024-05-21,5684.19677734375,5753.516250238186,5637.983795414127,5753.516250238186,9376200,0.05042016806722689
2024-05-22,5684.19677734375,5707.303268308562,5637.983795414127,5684.19677734375,3596200,-0.050724637681159424
2024-05-27,5661.08984375,5707.302822066326,5568.663887117347,5684.196332908164,9550900,-0.011235955056179775
2024-05-28,5661.08984375,5707.302822066326,5614.876865433674,5661.08984375,5510700,-0.018518518518518517
2024-05-29,5661.08984375,5661.08984375,5591.77037627551,5637.983354591836,8131100,-0.0125
2024-05-30,5591.7705078125,5661.089976917614,5568.664018110796,5661.089976917614,9246200,-0.049723756906077346
2024-05-31,5430.025390625,5637.983809840426,5430.025390625,5614.87731881649,30407000,0.024844720496894408
2024-06-03,5591.7705078125,5591.7705078125,5453.131569602273,5453.131569602273,11655600,0.07051282051282051
2024-06-04,5637.9833984375,5684.196377113218,5568.663930423924,5591.770419761783,6440500,0.05161290322580645
2024-06-05,5661.08984375,5730.40931122449,5637.983354591836,5684.196332908164,4633000,0.10559006211180125
2024-06-06,5730.40966796875,5730.40966796875,5661.090196178806,5707.303177372101,5444400,0.05106382978723404
2024-06-07,5730.40966796875,5776.622649162046,5684.196686775454,5730.40966796875,3728000,-0.030303030303030304
2024-06-10,5707.30322265625,5753.516204216219,5637.983750316295,5753.516204216219,4207500,-0.011363636363636364
2024-06-11,5661.08984375,5707.302822066326,5637.983354591836,5684.196332908164,5396100,0.08854166666666667
2024-06-12,5730.40966796875,5730.40966796875,5637.983705582157,5661.090196178806,6352800,-0.05045871559633028
2024-06-13,5661.08984375,5730.40931122449,5637.983354591836,5730.40931122449,5135700,0.07692307692307693
2024-06-14,5614.876953125,5684.196421682099,5568.663974086934,5661.089932163066,7040000,0.017937219730941704
2024-06-19,5476.23828125,5637.9837157173,5406.918809335443,5614.8772250791135,12196300,0.09401709401709402
2024-06-20,5476.23828125,5499.344771888185,5406.918809335443,5499.344771888185,8634300,0.0047169811320754715
2024-06-21,5522.451171875,5637.983623169456,5453.131701098327,5476.238191357217,17023600,0.06763285024154589
2024-06-24,5476.23828125,5568.664243802742,5476.23828125,5568.664243802742,6285700,0.09163346613545817
2024-06-25,5499.3447265625,5522.451217010242,5430.025255219275,5499.3447265625,5323200,0.04276315789473684
2024-06-26,5453.1318359375,5499.3448175979875,5430.025345107257,5499.3448175979875,7732400,0.06976744186046512
2024-06-27,5568.6640625,5591.770552385892,5476.238102956432,5499.344592842324,6280500,0.06296296296296296
2024-06-28,5614.876953125,5684.196421682099,5545.557484567901,5545.557484567901,10535600,0.09747292418772563
2024-07-01,5637.9833984375,5637.9833984375,5568.663930423924,5614.876909099641,8021400,-0.156
2024-07-02,5637.9833984375,5661.089887775359,5591.770419761783,5637.9833984375,6210100,-0.13976705490848584
2024-07-03,5637.9833984375,5637.9833984375,5568.663930423924,5637.9833984375,6800500,-0.1300639658848614
2024-07-04,5614.876953125,5661.089932163066,5614.876953125,5637.983442644033,3875700,-0.2413223140495868
2024-07-05,5661.08984375,5661.08984375,5614.876865433674,5637.983354591836,5046400,-0.23809523809523808
2024-07-08,5730.40966796875,5730.40966796875,5661.090196178806,5661.090196178806,11876600,-0.20398009950248755
2024-07-09,5746.8291015625,5795.121783088235,5698.536420036765,5770.975442325367,10614700,-0.1608187134502924
2024-07-10,5795.12158203125,5819.267921956381,5746.82890218099,5770.97524210612,7017700,-0.15614617940199335
2024-07-11,5722.6826171875,5819.267977815137,5722.6826171875,5795.121637658228,6350700,-0.1362126245847176
2024-07-12,5746.8291015625,5795.121783088235,5746.8291015625,5770.975442325367,3555500,-0.12672176308539945
2024-07-15,5770.9755859375,5795.121927301256,5722.6829032099895,5770.9755859375,3834200,-0.15466666666666667
2024-07-16,5746.8291015625,5770.975442325367,5722.682760799632,5770.975442325367,3606700,-0.162534435261708
2024-07-17,5843.41455078125,5843.41455078125,5746.829186305527,5770.975527424458,7001500,-0.1989247311827957
2024-07-18,5867.56103515625,5867.56103515625,5795.122010030865,5843.4146934477885,5349000,-0.17438692098092642
2024-07-19,5867.56103515625,5867.56103515625,5770.975668322402,5843.4146934477885,6000100,-0.10227272727272728
2024-07-22,5819.26806640625,5891.707087979772,5795.121725881743,5891.707087979772,4423500,-0.1826086956521739
2024-07-23,5891.70703125,5891.70703125,5819.268010373976,5843.414350665984,5032300,-0.15229885057471265
2024-07-24,5795.12158203125,5915.853281656901,5770.97524210612,5891.706941731771,9933700,-0.16034985422740525
2024-07-25,5891.70703125,5891.70703125,5770.97532978996,5795.121670081968,9087300,-0.11320754716981132
2024-07-26,5915.853515625,5939.999856505102,5843.414492984693,5915.853515625,5425500,-0.0670926517571885
2024-07-29,5867.56103515625,5940.000060281636,5867.56103515625,5867.56103515625,4808700,-0.14285714285714285
2024-07-30,5843.41455078125,5915.853574138043,5795.121868543389,5915.853574138043,4096800,-0.13966480446927373
2024-07-31,5915.853515625,5915.853515625,5819.2681521045915,5867.560833864796,14631000,0.05409582689335394
2024-08-01,5940.0,6036.585365853658,5819.268292682927,5867.560975609756,15237800,0.08364312267657993
2024-08-02,5891.70703125,5964.146052126025,5891.70703125,5939.999711834017,6432100,0.040892193308550186
2024-08-05,5843.41455078125,5891.707233019112,5746.829186305527,5867.560891900181,12489900,-0.004830917874396135
2024-08-06,5891.70703125,5939.999711834017,5819.268010373976,5819.268010373976,11577400,-0.0425531914893617
2024-08-07,5915.853515625,5939.999856505102,5867.560833864796,5867.560833864796,4240800,-0.05555555555555555
2024-08-08,6012.43896484375,6012.43896484375,5915.853599946662,5939.999941170934,9398000,-0.0867579908675799
2024-08-09,6060.7314453125,6060.7314453125,5964.146083634213,6012.438764473357,7072600,-0.09523809523809523
2024-08-12,6036.5849609375,6084.877640625,6012.43862109375,6060.73130078125,5556100,-0.06329113924050633
2024-08-13,6109.0244140625,6133.17075562006,6060.731730947382,6060.731730947382,10450200,0.026785714285714284
2024-08-14,6278.048828125,6422.926878004808,6109.024436598557,6109.024436598557,29984700,-0.015873015873015872
2024-08-15,6253.90234375,6326.341367036679,6181.46332046332,6278.048684845559,9582600,0.07407407407407407
2024-08-16,6302.19482421875,6302.19482421875,6181.463122605364,6278.048483896073,9525600,-0.06829268292682927
2024-08-19,6229.755859375,6302.194880995639,6157.316837754361,6302.194880995639,10034100,0.1126005361930295
2024-08-20,6302.19482421875,6302.19482421875,6205.6094629280415,6278.048483896073,15255400,0.05740181268882175
2024-08-21,6398.7802734375,6422.926614091982,6302.194910819576,6326.341251474057,15685700,0.09309309309309309
2024-08-22,6422.9267578125,6422.9267578125,6326.3413930333645,6350.487734228149,12105900,0.0
2024-08-23,6471.21923828125,6495.365578722598,6350.48753607451,6422.926557398554,12451800,0.15034965034965034
2024-08-26,6616.09716796875,6616.09716796875,6447.072787765169,6471.219127794252,14052700,0.014018691588785047
2024-08-27,6567.8046875,6664.39005055147,6495.365665211397,6640.243709788603,12167700,-0.045662100456621
2024-08-28,6591.951171875,6591.951171875,6471.219465430403,6591.951171875,9438700,0.04741379310344827
2024-08-29,6567.8046875,6591.951028262867,6519.512005974265,6591.951028262867,13268500,0.016216216216216217
2024-08-30,6616.09716796875,6616.09716796875,6495.365467823335,6567.804487910584,22109100,0.02926829268292683
2024-09-02,6495.36572265625,6591.951086561919,6495.36572265625,6591.951086561919,7855400,0.05699481865284974
2024-09-03,6543.658203125,6543.658203125,6447.072842193266,6471.2191824262,11645700,0.0945945945945946
2024-09-04,6471.21923828125,6495.365578722598,6422.926557398554,6495.365578722598,8269000,0.12408759124087591
2024-09-05,6736.8291015625,6736.8291015625,6471.219352038531,6471.219352038531,24214500,0.10752688172043011
2024-09-06,6785.12158203125,6833.414262330405,6664.389881283363,6688.536221432941,14297700,0.24183006535947713
2024-09-09,6688.53662109375,6785.121987463334,6616.097596316561,6760.975645870938,7130200,0.056818181818181816
2024-09-10,6809.26806640625,6809.26806640625,6688.536363101174,6712.68270376219,12142200,0.18674698795180722
2024-09-11,6760.9755859375,6785.121927315849,6712.682903180804,6760.9755859375,9456400,-0.00558659217877095
2024-09-12,6905.853515625,6929.999856588724,6736.829128878933,6809.268151770105,22469600,0.07462686567164178
2024-09-13,6857.560546875,6954.145906690141,6809.26786696743,6905.85322678257,10834600,0.09497206703910614
2024-09-17,6857.560546875,6905.85322678257,6785.1215270136445,6857.560546875,7883900,0.045454545454545456
2024-09-18,6833.41455078125,6905.853574287765,6809.268209612412,6881.7072331189265,5432300,0.10576923076923077
2024-09-19,6833.41455078125,6905.853574287765,6833.41455078125,6857.560891950088,10922700,0.12844036697247707
2024-09-20,6905.853515625,6954.146197552447,6833.414492733828,6857.560833697552,26483100,0.03184713375796178
2024-09-23,6857.560546875,6929.9995667363555,6833.414206921215,6905.85322678257,12867300,-0.15789473684210525
2024-09-24,6930.0,6930.0,6833.414634146341,6881.70731707317,15044300,0.16167664670658682
2024-09-25,6930.0,6930.0,6833.414634146341,6930.0,17985300,0.05056179775280899
2024-09-26,6978.29248046875,7002.438821231617,6929.999798943015,6954.146139705882,17996900,0.017142857142857144
2024-09-27,6930.0,7002.4390243902435,6930.0,7002.4390243902435,9528100,0.10112359550561797
2024-09-30,6809.26806640625,6929.999769711325,6809.26806640625,6929.999769711325,11723100,0.02857142857142857
2024-10-01,6930.0,6930.0,6809.268292682927,6809.268292682927,10450000,0.16012084592145015
2024-10-02,6833.41455078125,6905.853574287765,6785.1218684435735,6881.7072331189265,9654400,0.06349206349206349
2024-10-03,6857.560546875,6905.85322678257,6809.26786696743,6833.414206921215,6836300,0.07659574468085106
2024-10-04,6809.26806640625,6881.707088389295,6760.97538508422,6857.56074772828,5621400,0.04792332268370607
2024-10-07,6688.53662109375,6760.975645870938,6591.951254724165,6760.975645870938,10832200,0.1415929203539823
2024-10-08,6760.9755859375,6760.9755859375,6616.097537667411,6688.536561802456,8899500,-0.016597510373443983
2024-10-09,6688.53662109375,6785.121987463334,6688.53662109375,6760.975645870938,9822000,0.03305785123966942
2024-10-10,6785.12158203125,6857.560602479983,6688.536221432941,6760.975241881672,11875300,0.03278688524590164
2024-10-11,6760.9755859375,6857.560951450893,6736.829244559152,6857.560951450893,4466300,-0.04
2024-10-14,6809.26806640625,6857.56074772828,6736.829044423204,6760.97538508422,3970200,0.00966183574879227
2024-10-15,6954.14599609375,7002.438676622179,6809.267954508464,6809.267954508464,17967100,-0.03867403314917127
2024-10-16,6930.0,7026.585365853658,6905.8536585365855,7002.4390243902435,8884800,-0.021505376344086023
2024-10-17,6930.0,7026.585365853658,6930.0,6930.0,5424900,0.06293706293706294
2024-10-18,7171.46337890625,7219.756061592488,6954.146306818182,6978.292648161301,23782600,0.10695187165775401
2024-10-21,7147.31689453125,7171.463235391153,7074.877871951541,7147.31689453125,8431800,0.05434782608695652
2024-10-22,7171.46337890625,7219.756061592488,7099.024354876894,7147.317037563132,14443100,-0.007407407407407408
2024-10-23,7243.90234375,7292.195026041667,7171.4633203125,7195.609661458333,19206700,0.1437125748502994
2024-10-24,7268.04833984375,7292.194679843231,7219.755659844788,7243.901999844269,9344600,0.02570093457943925
2024-10-25,7243.90234375,7316.3413671875,7195.609661458333,7316.3413671875,6074400,0.06513409961685823
2024-10-28,7268.04833984375,7268.04833984375,7123.1702998468645,7243.901999844269,4958500,-0.02654867256637168
2024-10-29,7316.34130859375,7316.34130859375,7195.609603831477,7243.902285736386,10860100,0.05069124423963134
2024-10-30,7219.755859375,7316.341222042224,7195.609518708195,7316.341222042224,9561400,0.12280701754385964
2024-10-31,7340.48779296875,7388.780475817229,7243.9024272717925,7268.048768696032,25840000,-0.0502283105022831
2024-11-01,7050.7314453125,7485.365575502997,7002.438764180223,7437.072894370719,15829400,0.13450292397660818
2024-11-04,7195.609375,7268.048395553691,7050.731333892618,7050.731333892618,15494300,0.12686567164179105
2024-11-05,7606.09716796875,7606.09716796875,7243.902064732143,7268.048404947916,29732300,0.10857142857142857
2024-11-06,7533.658203125,7726.828926282052,7461.2191819411055,7606.0972243088945,13926400,0.054474708171206226
2024-11-07,7630.24365234375,7630.24365234375,7437.072926967959,7533.658289655855,19304100,0.1813953488372093
2024-11-08,7437.07275390625,7581.950794566761,7437.07275390625,7581.950794566761,5888900,0.046632124352331605
2024-11-11,7533.658203125,7533.658203125,7412.926501151843,7485.365522335737,11979400,0.08374384236453201
2024-11-12,7581.951171875,7630.243854498408,7485.365806628185,7533.658489251593,13959400,0.10810810810810811
2024-11-13,7461.21923828125,7581.95094116606,7437.072897704288,7557.804600589098,5007600,0.045454545454545456
2024-11-14,7437.07275390625,7557.804454456676,7388.780073686079,7485.36543412642,16757100,0.22053231939163498
2024-11-15,7461.21923828125,7533.658260012136,7412.926557127326,7437.072897704288,4657800,0.16376306620209058
2024-11-18,7461.21923828125,7461.21923828125,7412.926557127326,7461.21923828125,10756900,0.0196078431372549
2024-11-19,7533.658203125,7533.658203125,7437.072841546475,7461.2191819411055,8208700,0.03211009174311927
2024-11-20,7533.658203125,7533.658203125,7461.2191819411055,7533.658203125,5830300,0.03333333333333333
2024-11-21,7364.6337890625,7509.511830814549,7340.487448770492,7509.511830814549,7336900,-0.06563706563706563
2024-11-22,7219.755859375,7364.633903375837,7123.170496707776,7364.633903375837,11199100,0.08968609865470852
2024-11-25,7340.48779296875,7340.48779296875,7195.609744423315,7243.9024272717925,19268900,-0.0199203187250996
2024-11-26,7388.7802734375,7412.926614200367,7243.902228860294,7292.194910386029,8590100,0.02643171806167401
2024-11-28,7388.7802734375,7388.7802734375,7243.902228860294,7388.7802734375,8604300,0.015873015873015872
2024-11-29,7292.19482421875,7437.0728670840235,7292.19482421875,7412.926526606478,12609500,-0.05092592592592592
2024-12-02,7292.19482421875,7340.487505173841,7219.755802786113,7219.755802786113,7732700,0.029914529914529916
2024-12-03,7509.51220703125,7581.9512315363745,7292.1951335158765,7316.341475017584,18804600,0.07692307692307693
2024-12-04,7581.951171875,7581.951171875,7509.512147939889,7533.658489251593,16801400,0.1326530612244898
2024-12-05,7606.09716796875,7606.09716796875,7533.658147321428,7581.950827752976,7087100,0.09359605911330049
2024-12-06,7654.39013671875,7654.39013671875,7557.804772217567,7606.0974544681585,15943900,-0.01951219512195122
2024-12-09,7920.0,7920.0,7606.09756097561,7606.09756097561,17366100,0.005917159763313609
2024-12-10,7871.70703125,7968.292393596626,7799.268009490031,7919.999712423313,9525000,0.07482993197278912
2024-12-11,7920.0,8016.585365853658,7799.268292682927,7799.268292682927,12998600,0.0948905109489051
2024-12-12,7920.0,7920.0,7750.975609756098,7920.0,8878600,0.10404624277456648
2024-12-13,7895.853515625,7992.438879730505,7799.268151519495,7919.999856651376,7183300,-0.017341040462427744
2024-12-16,7847.560546875,7919.999567307692,7750.975186298077,7895.853227163461,5622300,-0.02586206896551724
2024-12-17,7775.12158203125,7847.560602981851,7654.389880446914,7847.560602981851,10833500,-0.004608294930875576
2024-12-18,7557.8046875,7775.121755191693,7485.365664936103,7775.121755191693,7359400,0.023890784982935155
2024-12-19,7388.7802734375,7509.511977251838,7292.194910386029,7509.511977251838,9507300,0.044715447154471545
2024-12-20,7364.6337890625,7485.365490522541,7340.487448770492,7388.780129354508,14593200,0.046511627906976744
2024-12-23,7461.21923828125,7533.658260012136,7388.7802165503645,7412.926557127326,5529200,-0.037383177570093455
2024-12-24,7364.6337890625,7461.219150230533,7340.487448770492,7461.219150230533,3634000,0.08650519031141868
2024-12-27,7437.07275390625,7461.219094016335,7364.6337335759945,7388.780073686079,3653300,-0.12947658402203857
2024-12-30,7437.07275390625,7485.36543412642,7388.780073686079,7437.07275390625,4827500,-0.039473684210526314
2025-01-02,7219.755859375,7485.365606709866,7074.877815374164,7485.365606709866,6664900,-0.07311320754716981
2025-01-03,7292.19482421875,7388.780186128933,7195.609462308568,7268.048483741205,6037900,-0.08547008547008547
2025-01-06,7123.17041015625,7243.902112023306,7074.877729409428,7243.902112023306,5623300,0.0670391061452514
2025-01-07,7195.609375,7195.609375,7026.584993708054,7123.170354446309,9008100,0.0
2025-01-08,7219.755859375,7219.755859375,7123.170496707776,7219.755859375,4544100,0.01744186046511628
2025-01-09,7243.90234375,7316.3413671875,7123.170638020833,7219.7560026041665,4878300,0.0
2025-01-10,7461.21923828125,7606.097281743022,7268.048513665554,7268.048513665554,9687000,-0.08264462809917356
2025-01-13,7461.21923828125,7509.511919435175,7268.048513665554,7437.072897704288,9607900,0.014925373134328358
2025-01-14,7268.04833984375,7437.072719840116,7243.901999844269,7437.072719840116,11063800,-0.025
2025-01-15,7437.07275390625,7437.07275390625,7268.0483731356535,7268.0483731356535,8521800,0.10365853658536585
2025-01-16,7316.34130859375,7533.658377165842,7316.34130859375,7437.073013356023,12172900,0.03669724770642202
2025-01-17,7340.48779296875,7364.634134392989,7195.609744423315,7316.341451544511,7870400,-0.19148936170212766
2025-01-20,7123.17041015625,7340.48747351695,7123.17041015625,7340.48747351695,6379800,-0.0931899641577061
2025-01-21,7195.609375,7243.902055369127,7123.170354446309,7147.316694630872,6124100,-0.07653061224489796
2025-01-22,7364.6337890625,7437.072809938525,7195.609407018443,7195.609407018443,11271200,-0.10849056603773585
2025-01-23,7243.90234375,7509.512096354167,7243.90234375,7412.926731770834,10736000,-0.0498220640569395
2025-01-24,7292.19482421875,7509.51188851666,7243.902143263659,7316.341164696296,8203900,-0.18831168831168832
2025-01-30,7364.6337890625,7388.780129354508,7243.90208760246,7292.194768186476,6145500,-0.15894039735099338
2025-01-31,7581.951171875,7581.951171875,7316.341417446259,7364.634100069666,11044600,-0.1935483870967742
2025-02-03,7364.6337890625,7581.950851690574,7268.048427894468,7581.950851690574,10474800,-0.10267857142857142
2025-02-04,7437.07275390625,7557.804454456676,7340.487393465909,7364.6337335759945,7501300,-0.13013698630136986
2025-02-05,7268.04833984375,7437.072719840116,7195.609319845307,7316.341019842712,9710600,-0.11666666666666667
2025-02-06,7268.04833984375,7292.194679843231,7195.609319845307,7268.04833984375,6866800,-0.03942652329749104
2025-02-07,7388.7802734375,7388.7802734375,7147.316865808823,7292.194910386029,7629300,-0.028169014084507043
2025-02-10,7509.51220703125,7895.853671058581,7412.926841024417,7412.926841024417,14592500,0.04597701149425287
2025-02-11,7437.07275390625,7533.658114346591,7388.780073686079,7509.5117742365055,6946200,-0.11475409836065574
2025-02-12,7533.658203125,7581.950883914263,7461.2191819411055,7461.2191819411055,5349600,-0.10112359550561797
2025-02-13,7533.658203125,7678.536245492788,7437.072841546475,7533.658203125,8661800,-0.08374384236453201
2025-02-14,7485.36572265625,7630.2437689012095,7485.36572265625,7533.658404737904,3998600,-0.09047619047619047
2025-02-17,7557.8046875,7654.3900509185305,7485.365664936103,7485.365664936103,4776400,-0.10138248847926268
2025-02-18,7581.951171875,7606.097513186704,7509.512147939889,7557.8048305632965,2868600,0.046632124352331605
2025-02-19,7726.8291015625,7799.268124389649,7557.8047149658205,7581.951055908204,12307500,0.03940886699507389
2025-02-20,7702.6826171875,7726.828957680251,7509.511893245493,7726.828957680251,7553700,0.10101010101010101
2025-02-21,7437.07275390625,7702.6824951171875,7437.07275390625,7702.6824951171875,8930700,-0.015789473684210527
2025-02-24,7630.24365234375,7630.24365234375,7437.072926967959,7437.072926967959,4720100,-0.04375
2025-02-25,7557.8046875,7678.536391773163,7485.365664936103,7630.243710063898,5652200,0.06779661016949153
2025-02-26,7461.21923828125,7509.511919435175,7195.609491934669,7485.365578858212,11788900,0.0057306590257879654
2025-02-27,7340.48779296875,7437.0731586657075,7243.9024272717925,7437.0731586657075,7256500,-0.043478260869565216
2025-02-28,6881.70703125,7364.633840460527,6809.268009868421,7292.194819078947,22647000,-0.04229607250755287
2025-03-03,7099.0244140625,7243.902463329082,6857.560998618197,6954.146364795918,7086800,-0.09347826086956522
2025-03-04,7074.8779296875,7195.609634972269,6929.999883345776,7099.024270744454,6242600,0.029411764705882353
2025-03-05,7171.46337890625,7219.756061592488,7026.585330847538,7074.878013533776,7505800,-0.06486486486486487
2025-03-06,7050.7314453125,7243.90216984161,7050.7314453125,7171.463148143193,6797700,0.07304347826086957
2025-03-07,7002.43896484375,7074.8779886179955,6978.2926235856685,7026.5853061018315,6418600,0.03
2025-03-10,7292.19482421875,7292.19482421875,6978.292398010658,6978.292398010658,9491200,-0.05308464849354376
2025-03-11,7026.5849609375,7219.755681513102,7026.5849609375,7219.755681513102,9518800,0.06315789473684211
2025-03-12,7219.755859375,7243.902200041806,7026.5851340405525,7026.5851340405525,8069300,0.031141868512110725
2025-03-13,7050.7314453125,7219.755829275471,7002.438764180223,7219.755829275471,7096800,-0.04886561954624782
2025-03-14,6930.0,7074.878048780488,6881.70731707317,7050.7317073170725,8582900,-0.01631321370309951
2025-03-17,7026.5849609375,7074.877641081401,6905.853260577749,6954.14594072165,6236900,-0.019801980198019802
2025-03-18,6833.41455078125,7026.585280131957,6664.390162599381,7026.585280131957,11584800,-0.021825396825396824
2025-03-19,6954.14599609375,6954.14599609375,6809.267954508464,6833.414294772679,6108300,0.0017761989342806395
2025-03-20,6785.12158203125,6954.145963078292,6785.12158203125,6954.145963078292,7613900,0.0
2025-03-21,6736.8291015625,6833.414465025762,6495.365692904346,6833.414465025762,15614200,-0.06866952789699571
2025-03-24,6567.8046875,6712.682732077205,6302.194939108455,6712.682732077205,6570900,0.0411663807890223
2025-03-25,6567.8046875,6760.9754136029405,6567.8046875,6616.097369025735,7669000,0.0
2025-03-26,6688.53662109375,6785.121987463334,6543.658571539372,6567.804913131768,8108100,0.021442495126705652
2025-03-27,6857.560546875,6905.85322678257,6664.389827244719,6688.536167198504,9073700,0.03532008830022075
2025-04-08,6954.14599609375,6954.14599609375,6326.341149224176,6374.6338297526045,18379600,0.006872852233676976
2025-04-09,6447.07275390625,6929.999551951662,6447.07275390625,6857.56053224485,13927700,0.0
2025-04-10,6833.41455078125,6857.560891950088,6616.097480261705,6688.53650376822,6975500,0.02127659574468085
2025-04-11,6664.39013671875,6809.268183169157,6616.097454568614,6640.243795643682,5546900,0.0
2025-04-14,6881.70703125,6954.14605263158,6736.828988486843,6760.975328947368,6748100,0.08
2025-04-15,7050.7314453125,7050.7314453125,6881.707061349529,6954.1460830479455,8352000,0.04046242774566474
2025-04-16,7147.31689453125,7147.31689453125,6881.707145072318,6978.29250851193,4270600,0.08808290155440414
2025-04-17,7050.7314453125,7099.024126444778,6978.292423614084,7074.877785878639,5807700,0.17592592592592593
2025-04-21,7099.0244140625,7123.1707556069305,6905.853681707058,7026.5853894292095,1676700,0.0379746835443038
2025-04-22,6954.14599609375,7099.024037679037,6905.853315565321,7074.877697414822,5953600,0.10357142857142858
2025-04-23,7099.0244140625,7171.4634386957905,6978.292706340349,6978.292706340349,9914800,0.215
2025-04-24,7002.43896484375,7074.8779886179955,6905.853599811422,7050.731647359914,6334700,0.10396039603960396
2025-04-25,7219.755859375,7219.755859375,7026.5851340405525,7026.5851340405525,5156600,0.05309734513274336
2025-04-28,7171.46337890625,7243.902402935606,7099.024354876894,7219.756061592488,2930700,-0.05128205128205128
2025-04-29,7243.90234375,7268.0486848958335,7171.4633203125,7171.4633203125,4792000,0.11210762331838565
2025-04-30,7726.8291015625,7726.8291015625,7171.463259887695,7243.902282714844,12400500,0.1270718232044199
2025-05-02,7437.07275390625,7581.950794566761,7412.9264137961645,7557.804454456676,6382300,0.09349593495934959
2025-05-05,7340.48779296875,7485.365841514186,7340.48779296875,7461.219500089946,4796000,0.12349397590361445
2025-05-06,7268.04833984375,7509.511739838559,7268.04833984375,7412.9263798406355,5787600,0.05228758169934641
2025-05-07,7485.36572265625,7678.536450982863,7292.194994329637,7292.194994329637,12039700,0.1803921568627451
2025-05-08,7509.51220703125,7581.9512315363745,7388.780499522709,7485.365865529541,8457100,0.20901639344262296
2025-05-09,7702.6826171875,7726.828957680251,7437.072871767242,7509.511893245493,7224600,0.1450980392156863
2025-05-14,7606.09716796875,7847.560570126488,7606.09716796875,7726.828869047619,8262400,0.05241935483870968
2025-05-15,7823.41455078125,7871.70723319348,7630.24382113233,7630.24382113233,10055700,0.06451612903225806
2025-05-16,8161.46337890625,8185.609720263961,7847.56094125601,7919.999965329142,12696200,0.05670103092783505
2025-05-19,7944.14599609375,8209.755740643997,7944.14599609375,8161.46305981668,12109700,0.0033783783783783786
2025-05-20,7606.09716796875,8040.731291852679,7606.09716796875,7968.292271205357,12129200,-0.044534412955465584
2025-05-21,7702.6826171875,7750.975298173002,7606.097255216497,7606.097255216497,10053600,0.027777777777777776
2025-05-22,7630.24365234375,7871.707059063489,7630.24365234375,7702.682674359672,12044100,0.0514018691588785
2025-05-23,7581.951171875,7678.536537121816,7581.951171875,7630.243854498408,5849700,0.10080645161290322
2025-05-26,7581.951171875,7630.243854498408,7557.8048305632965,7581.951171875,5293300,0.044897959183673466
2025-05-27,7606.09716796875,7630.243508184524,7557.8044875372025,7606.09716796875,5098100,0.14746543778801843
2025-05-28,7606.09716796875,7678.536188616072,7509.511807105655,7630.243508184524,13336000,0.084
2025-06-02,7412.9267578125,7678.5365113497555,7388.780416581841,7654.390170119096,9732500,0.005813953488372093
2025-06-03,7557.8046875,7606.097369209266,7388.780301517572,7412.926642372205,8012300,-0.078125
2025-06-04,7944.14599609375,7944.14599609375,7606.097230302526,7678.536251543504,19738900,0.0411522633744856
2025-06-05,7871.70703125,7992.438734183283,7823.414350076688,7919.999712423313,10392100,0.11372549019607843
2025-06-10,7920.0,7968.292682926829,7847.560975609756,7871.70731707317,7197900,0.291044776119403
2025-06-11,8209.755859375,8209.755859375,7871.707088694852,7992.4387925091905,20164400,0.09716599190283401
2025-06-12,7944.14599609375,8113.170378989362,7944.14599609375,8113.170378989362,10971300,0.15606936416184972
2025-06-13,8040.7314453125,8161.46314869557,7944.146082606044,7992.4387639592715,11957200,0.014705882352941176
2025-06-16,7944.14599609375,8064.877698162044,7944.14599609375,7992.438676921068,7501300,0.024691358024691357
2025-06-17,7920.0,8064.878048780488,7920.0,8016.585365853658,7753400,0.13377926421404682
2025-06-18,7847.560546875,8040.731268028846,7823.414206730769,7944.1459074519225,8305600,0.11158798283261803
2025-06-19,7775.12158203125,7992.438644883055,7750.975241714383,7871.706943298718,4749400,0.045454545454545456
2025-06-20,7775.12158203125,7847.560602981851,7750.975241714383,7775.12158203125,13421400,0.0625
2025-06-23,7654.39013671875,7726.829160094638,7533.658431092272,7726.829160094638,4733500,0.055776892430278883
2025-06-24,7654.39013671875,7750.975501219933,7630.243795593455,7678.536477844046,12219000,0.009009009009009009
2025-06-25,7775.12158203125,7823.414262664984,7702.682561080648,7750.975241714383,7393900,0.0036798528058877645
2025-06-26,7775.12158203125,7823.414262664984,7654.389880446914,7775.12158203125,7694800,0.07256235827664399
2025-06-30,7847.560546875,7871.706887019231,7678.536165865385,7823.414206730769,9281800,-0.005277044854881266
2025-07-01,7920.0,7920.0,7775.121951219512,7775.121951219512,8235500,0.07168458781362007
2025-07-02,7975.0,8050.0,7875.0,7975.0,11433200,0.09931506849315068
2025-07-03,8100.0,8125.0,7875.0,7925.0,8038300,0.01893939393939394
2025-07-04,8100.0,8250.0,8050.0,8125.0,7561600,0.021645021645021644
2025-07-07,8100.0,8100.0,8000.0,8100.0,5535000,0.03686635944700461
2025-07-08,8025.0,8100.0,7975.0,8050.0,4585500,0.09243697478991597
2025-07-09,8175.0,8200.0,8000.0,8025.0,7330800,0.040740740740740744
2025-07-10,8150.0,8200.0,8050.0,8175.0,4624300,0.003484320557491289
2025-07-11,8250.0,8250.0,8100.0,8150.0,8348300,0.019455252918287938
2025-07-14,8350.0,8350.0,8125.0,8250.0,10098800,0.03208556149732621
2025-07-15,8325.0,8350.0,8225.0,8350.0,17749200,-0.041401273885350316
2025-07-16,8275.0,8450.0,8275.0,8325.0,12711100,0.04296875
2025-07-17,8225.0,8450.0,8175.0,8350.0,7185300,0.09745762711864407
2025-07-18,8225.0,8275.0,8200.0,8225.0,3995500,0.19919517102615694
2025-07-21,8300.0,8375.0,8225.0,8275.0,4406300,0.15853658536585366
2025-07-22,8225.0,8300.0,8200.0,8300.0,3519800,0.1638655462184874
2025-07-23,8350.0,8350.0,8200.0,8300.0,4557000,0.13227513227513227
2025-07-24,8350.0,8450.0,8350.0,8350.0,4995300,0.043333333333333335
2025-07-25,8400.0,8400.0,8300.0,8350.0,3388300,-0.21292775665399238
2025-07-28,8375.0,8475.0,8350.0,8475.0,3305800,-0.06432748538011696
2025-07-29,8300.0,8400.0,8275.0,8350.0,3728500,-0.1760299625468165
2025-07-30,8375.0,8400.0,8275.0,8325.0,6796700,-0.08980582524271845
2025-07-31,8525.0,8825.0,8400.0,8425.0,16887300,-0.18777292576419213
